Workbook

Sheet Executive Dashboard
A1: B2B SaaS Revenue Pipeline Dashboard (12-Week RevOps Summary)
A4: TOTAL LEADS | C4: TOTAL CONVERSIONS | E4: NEW MRR ADDED | G4: FUNNEL CONVERSION
A5: =SUM('Weekly Metrics'!B6:B18) | C5: =SUM('Weekly Metrics'!D6:D18) | E5: =SUM('Weekly Metrics'!G6:G18) | G5: =E5/A5
A7: Key Performance Trends
A8: This tracker maps a simulated B2B SaaS funnel showing marketing drop-offs, onboarding speed, and MRR contribution.
A10: RevOps ETL Data Audit Report
A11: Metric | B11: Count
A12: Raw CRM Records Scanned | B12: 565
A13: Duplicate Leads Removed | B13: 15
A14: Missing Contact Emails Fixed | B14: 22
A15: Lead Source Casing Normalized | B15: 348
A16: Out-of-Order Dates Corrected | B16: 5
A17: MRR Valuation Anomalies Cleaned | B17: 3
A18: Final Cleaned CRM Records | B18: 550

Sheet Weekly Metrics
A1: Weekly Funnel & Revenue Tracking Table
A4: Week Start Date | B4: Leads Generated | C4: Trials Activated | D4: Conversions (Closed Won) | E4: Lead-to-Trial Rate | F4: Trial-to-Conversion Rate | G4: Weekly MRR Added | H4: Avg Velocity (Lead->Conv)
A5: 46082 | B5: =COUNTIFS('Cleaned Data'!$B$2:$B$600, ">=" & A5, 'Cleaned Data'!$B$2:$B$600, "<" & (A5 + 7)) | C5: =COUNTIFS('Cleaned Data'!$H$2:$H$600, ">=" & A5, 'Cleaned Data'!$H$2:$H$600, "<" & (A5 + 7), 'Cleaned Data'!$G$2:$G$600, "Yes") | D5: =COUNTIFS('Cleaned Data'!$J$2:$J$600, ">=" & A5, 'Cleaned Data'!$J$2:$J$600, "<" & (A5 + 7), 'Cleaned Data'!$I$2:$I$600, "Yes") | E5: =IF(B5=0, 0, C5/B5) | F5: =IF(C5=0, 0, D5/C5) | G5: =SUMIFS('Cleaned Data'!$K$2:$K$600, 'Cleaned Data'!$J$2:$J$600, ">=" & A5, 'Cleaned Data'!$J$2:$J$600, "<" & (A5 + 7)) | H5: =IFERROR(AVERAGEIFS('Cleaned Data'!$N$2:$N$600, 'Cleaned Data'!$J$2:$J$600, ">=" & A5, 'Cleaned Data'!$J$2:$J$600, "<" & (A5 + 7)), "-")
A6: 46089 | B6: =COUNTIFS('Cleaned Data'!$B$2:$B$600, ">=" & A6, 'Cleaned Data'!$B$2:$B$600, "<" & (A6 + 7)) | C6: =COUNTIFS('Cleaned Data'!$H$2:$H$600, ">=" & A6, 'Cleaned Data'!$H$2:$H$600, "<" & (A6 + 7), 'Cleaned Data'!$G$2:$G$600, "Yes") | D6: =COUNTIFS('Cleaned Data'!$J$2:$J$600, ">=" & A6, 'Cleaned Data'!$J$2:$J$600, "<" & (A6 + 7), 'Cleaned Data'!$I$2:$I$600, "Yes") | E6: =IF(B6=0, 0, C6/B6) | F6: =IF(C6=0, 0, D6/C6) | G6: =SUMIFS('Cleaned Data'!$K$2:$K$600, 'Cleaned Data'!$J$2:$J$600, ">=" & A6, 'Cleaned Data'!$J$2:$J$600, "<" & (A6 + 7)) | H6: =IFERROR(AVERAGEIFS('Cleaned Data'!$N$2:$N$600, 'Cleaned Data'!$J$2:$J$600, ">=" & A6, 'Cleaned Data'!$J$2:$J$600, "<" & (A6 + 7)), "-")
A7: 46096 | B7: =COUNTIFS('Cleaned Data'!$B$2:$B$600, ">=" & A7, 'Cleaned Data'!$B$2:$B$600, "<" & (A7 + 7)) | C7: =COUNTIFS('Cleaned Data'!$H$2:$H$600, ">=" & A7, 'Cleaned Data'!$H$2:$H$600, "<" & (A7 + 7), 'Cleaned Data'!$G$2:$G$600, "Yes") | D7: =COUNTIFS('Cleaned Data'!$J$2:$J$600, ">=" & A7, 'Cleaned Data'!$J$2:$J$600, "<" & (A7 + 7), 'Cleaned Data'!$I$2:$I$600, "Yes") | E7: =IF(B7=0, 0, C7/B7) | F7: =IF(C7=0, 0, D7/C7) | G7: =SUMIFS('Cleaned Data'!$K$2:$K$600, 'Cleaned Data'!$J$2:$J$600, ">=" & A7, 'Cleaned Data'!$J$2:$J$600, "<" & (A7 + 7)) | H7: =IFERROR(AVERAGEIFS('Cleaned Data'!$N$2:$N$600, 'Cleaned Data'!$J$2:$J$600, ">=" & A7, 'Cleaned Data'!$J$2:$J$600, "<" & (A7 + 7)), "-")
A8: 46103 | B8: =COUNTIFS('Cleaned Data'!$B$2:$B$600, ">=" & A8, 'Cleaned Data'!$B$2:$B$600, "<" & (A8 + 7)) | C8: =COUNTIFS('Cleaned Data'!$H$2:$H$600, ">=" & A8, 'Cleaned Data'!$H$2:$H$600, "<" & (A8 + 7), 'Cleaned Data'!$G$2:$G$600, "Yes") | D8: =COUNTIFS('Cleaned Data'!$J$2:$J$600, ">=" & A8, 'Cleaned Data'!$J$2:$J$600, "<" & (A8 + 7), 'Cleaned Data'!$I$2:$I$600, "Yes") | E8: =IF(B8=0, 0, C8/B8) | F8: =IF(C8=0, 0, D8/C8) | G8: =SUMIFS('Cleaned Data'!$K$2:$K$600, 'Cleaned Data'!$J$2:$J$600, ">=" & A8, 'Cleaned Data'!$J$2:$J$600, "<" & (A8 + 7)) | H8: =IFERROR(AVERAGEIFS('Cleaned Data'!$N$2:$N$600, 'Cleaned Data'!$J$2:$J$600, ">=" & A8, 'Cleaned Data'!$J$2:$J$600, "<" & (A8 + 7)), "-")
A9: 46110 | B9: =COUNTIFS('Cleaned Data'!$B$2:$B$600, ">=" & A9, 'Cleaned Data'!$B$2:$B$600, "<" & (A9 + 7)) | C9: =COUNTIFS('Cleaned Data'!$H$2:$H$600, ">=" & A9, 'Cleaned Data'!$H$2:$H$600, "<" & (A9 + 7), 'Cleaned Data'!$G$2:$G$600, "Yes") | D9: =COUNTIFS('Cleaned Data'!$J$2:$J$600, ">=" & A9, 'Cleaned Data'!$J$2:$J$600, "<" & (A9 + 7), 'Cleaned Data'!$I$2:$I$600, "Yes") | E9: =IF(B9=0, 0, C9/B9) | F9: =IF(C9=0, 0, D9/C9) | G9: =SUMIFS('Cleaned Data'!$K$2:$K$600, 'Cleaned Data'!$J$2:$J$600, ">=" & A9, 'Cleaned Data'!$J$2:$J$600, "<" & (A9 + 7)) | H9: =IFERROR(AVERAGEIFS('Cleaned Data'!$N$2:$N$600, 'Cleaned Data'!$J$2:$J$600, ">=" & A9, 'Cleaned Data'!$J$2:$J$600, "<" & (A9 + 7)), "-")
A10: 46117 | B10: =COUNTIFS('Cleaned Data'!$B$2:$B$600, ">=" & A10, 'Cleaned Data'!$B$2:$B$600, "<" & (A10 + 7)) | C10: =COUNTIFS('Cleaned Data'!$H$2:$H$600, ">=" & A10, 'Cleaned Data'!$H$2:$H$600, "<" & (A10 + 7), 'Cleaned Data'!$G$2:$G$600, "Yes") | D10: =COUNTIFS('Cleaned Data'!$J$2:$J$600, ">=" & A10, 'Cleaned Data'!$J$2:$J$600, "<" & (A10 + 7), 'Cleaned Data'!$I$2:$I$600, "Yes") | E10: =IF(B10=0, 0, C10/B10) | F10: =IF(C10=0, 0, D10/C10) | G10: =SUMIFS('Cleaned Data'!$K$2:$K$600, 'Cleaned Data'!$J$2:$J$600, ">=" & A10, 'Cleaned Data'!$J$2:$J$600, "<" & (A10 + 7)) | H10: =IFERROR(AVERAGEIFS('Cleaned Data'!$N$2:$N$600, 'Cleaned Data'!$J$2:$J$600, ">=" & A10, 'Cleaned Data'!$J$2:$J$600, "<" & (A10 + 7)), "-")
A11: 46124 | B11: =COUNTIFS('Cleaned Data'!$B$2:$B$600, ">=" & A11, 'Cleaned Data'!$B$2:$B$600, "<" & (A11 + 7)) | C11: =COUNTIFS('Cleaned Data'!$H$2:$H$600, ">=" & A11, 'Cleaned Data'!$H$2:$H$600, "<" & (A11 + 7), 'Cleaned Data'!$G$2:$G$600, "Yes") | D11: =COUNTIFS('Cleaned Data'!$J$2:$J$600, ">=" & A11, 'Cleaned Data'!$J$2:$J$600, "<" & (A11 + 7), 'Cleaned Data'!$I$2:$I$600, "Yes") | E11: =IF(B11=0, 0, C11/B11) | F11: =IF(C11=0, 0, D11/C11) | G11: =SUMIFS('Cleaned Data'!$K$2:$K$600, 'Cleaned Data'!$J$2:$J$600, ">=" & A11, 'Cleaned Data'!$J$2:$J$600, "<" & (A11 + 7)) | H11: =IFERROR(AVERAGEIFS('Cleaned Data'!$N$2:$N$600, 'Cleaned Data'!$J$2:$J$600, ">=" & A11, 'Cleaned Data'!$J$2:$J$600, "<" & (A11 + 7)), "-")
A12: 46131 | B12: =COUNTIFS('Cleaned Data'!$B$2:$B$600, ">=" & A12, 'Cleaned Data'!$B$2:$B$600, "<" & (A12 + 7)) | C12: =COUNTIFS('Cleaned Data'!$H$2:$H$600, ">=" & A12, 'Cleaned Data'!$H$2:$H$600, "<" & (A12 + 7), 'Cleaned Data'!$G$2:$G$600, "Yes") | D12: =COUNTIFS('Cleaned Data'!$J$2:$J$600, ">=" & A12, 'Cleaned Data'!$J$2:$J$600, "<" & (A12 + 7), 'Cleaned Data'!$I$2:$I$600, "Yes") | E12: =IF(B12=0, 0, C12/B12) | F12: =IF(C12=0, 0, D12/C12) | G12: =SUMIFS('Cleaned Data'!$K$2:$K$600, 'Cleaned Data'!$J$2:$J$600, ">=" & A12, 'Cleaned Data'!$J$2:$J$600, "<" & (A12 + 7)) | H12: =IFERROR(AVERAGEIFS('Cleaned Data'!$N$2:$N$600, 'Cleaned Data'!$J$2:$J$600, ">=" & A12, 'Cleaned Data'!$J$2:$J$600, "<" & (A12 + 7)), "-")
A13: 46138 | B13: =COUNTIFS('Cleaned Data'!$B$2:$B$600, ">=" & A13, 'Cleaned Data'!$B$2:$B$600, "<" & (A13 + 7)) | C13: =COUNTIFS('Cleaned Data'!$H$2:$H$600, ">=" & A13, 'Cleaned Data'!$H$2:$H$600, "<" & (A13 + 7), 'Cleaned Data'!$G$2:$G$600, "Yes") | D13: =COUNTIFS('Cleaned Data'!$J$2:$J$600, ">=" & A13, 'Cleaned Data'!$J$2:$J$600, "<" & (A13 + 7), 'Cleaned Data'!$I$2:$I$600, "Yes") | E13: =IF(B13=0, 0, C13/B13) | F13: =IF(C13=0, 0, D13/C13) | G13: =SUMIFS('Cleaned Data'!$K$2:$K$600, 'Cleaned Data'!$J$2:$J$600, ">=" & A13, 'Cleaned Data'!$J$2:$J$600, "<" & (A13 + 7)) | H13: =IFERROR(AVERAGEIFS('Cleaned Data'!$N$2:$N$600, 'Cleaned Data'!$J$2:$J$600, ">=" & A13, 'Cleaned Data'!$J$2:$J$600, "<" & (A13 + 7)), "-")
A14: 46145 | B14: =COUNTIFS('Cleaned Data'!$B$2:$B$600, ">=" & A14, 'Cleaned Data'!$B$2:$B$600, "<" & (A14 + 7)) | C14: =COUNTIFS('Cleaned Data'!$H$2:$H$600, ">=" & A14, 'Cleaned Data'!$H$2:$H$600, "<" & (A14 + 7), 'Cleaned Data'!$G$2:$G$600, "Yes") | D14: =COUNTIFS('Cleaned Data'!$J$2:$J$600, ">=" & A14, 'Cleaned Data'!$J$2:$J$600, "<" & (A14 + 7), 'Cleaned Data'!$I$2:$I$600, "Yes") | E14: =IF(B14=0, 0, C14/B14) | F14: =IF(C14=0, 0, D14/C14) | G14: =SUMIFS('Cleaned Data'!$K$2:$K$600, 'Cleaned Data'!$J$2:$J$600, ">=" & A14, 'Cleaned Data'!$J$2:$J$600, "<" & (A14 + 7)) | H14: =IFERROR(AVERAGEIFS('Cleaned Data'!$N$2:$N$600, 'Cleaned Data'!$J$2:$J$600, ">=" & A14, 'Cleaned Data'!$J$2:$J$600, "<" & (A14 + 7)), "-")
A15: 46152 | B15: =COUNTIFS('Cleaned Data'!$B$2:$B$600, ">=" & A15, 'Cleaned Data'!$B$2:$B$600, "<" & (A15 + 7)) | C15: =COUNTIFS('Cleaned Data'!$H$2:$H$600, ">=" & A15, 'Cleaned Data'!$H$2:$H$600, "<" & (A15 + 7), 'Cleaned Data'!$G$2:$G$600, "Yes") | D15: =COUNTIFS('Cleaned Data'!$J$2:$J$600, ">=" & A15, 'Cleaned Data'!$J$2:$J$600, "<" & (A15 + 7), 'Cleaned Data'!$I$2:$I$600, "Yes") | E15: =IF(B15=0, 0, C15/B15) | F15: =IF(C15=0, 0, D15/C15) | G15: =SUMIFS('Cleaned Data'!$K$2:$K$600, 'Cleaned Data'!$J$2:$J$600, ">=" & A15, 'Cleaned Data'!$J$2:$J$600, "<" & (A15 + 7)) | H15: =IFERROR(AVERAGEIFS('Cleaned Data'!$N$2:$N$600, 'Cleaned Data'!$J$2:$J$600, ">=" & A15, 'Cleaned Data'!$J$2:$J$600, "<" & (A15 + 7)), "-")
A16: 46159 | B16: =COUNTIFS('Cleaned Data'!$B$2:$B$600, ">=" & A16, 'Cleaned Data'!$B$2:$B$600, "<" & (A16 + 7)) | C16: =COUNTIFS('Cleaned Data'!$H$2:$H$600, ">=" & A16, 'Cleaned Data'!$H$2:$H$600, "<" & (A16 + 7), 'Cleaned Data'!$G$2:$G$600, "Yes") | D16: =COUNTIFS('Cleaned Data'!$J$2:$J$600, ">=" & A16, 'Cleaned Data'!$J$2:$J$600, "<" & (A16 + 7), 'Cleaned Data'!$I$2:$I$600, "Yes") | E16: =IF(B16=0, 0, C16/B16) | F16: =IF(C16=0, 0, D16/C16) | G16: =SUMIFS('Cleaned Data'!$K$2:$K$600, 'Cleaned Data'!$J$2:$J$600, ">=" & A16, 'Cleaned Data'!$J$2:$J$600, "<" & (A16 + 7)) | H16: =IFERROR(AVERAGEIFS('Cleaned Data'!$N$2:$N$600, 'Cleaned Data'!$J$2:$J$600, ">=" & A16, 'Cleaned Data'!$J$2:$J$600, "<" & (A16 + 7)), "-")
A17: 46166 | B17: =COUNTIFS('Cleaned Data'!$B$2:$B$600, ">=" & A17, 'Cleaned Data'!$B$2:$B$600, "<" & (A17 + 7)) | C17: =COUNTIFS('Cleaned Data'!$H$2:$H$600, ">=" & A17, 'Cleaned Data'!$H$2:$H$600, "<" & (A17 + 7), 'Cleaned Data'!$G$2:$G$600, "Yes") | D17: =COUNTIFS('Cleaned Data'!$J$2:$J$600, ">=" & A17, 'Cleaned Data'!$J$2:$J$600, "<" & (A17 + 7), 'Cleaned Data'!$I$2:$I$600, "Yes") | E17: =IF(B17=0, 0, C17/B17) | F17: =IF(C17=0, 0, D17/C17) | G17: =SUMIFS('Cleaned Data'!$K$2:$K$600, 'Cleaned Data'!$J$2:$J$600, ">=" & A17, 'Cleaned Data'!$J$2:$J$600, "<" & (A17 + 7)) | H17: =IFERROR(AVERAGEIFS('Cleaned Data'!$N$2:$N$600, 'Cleaned Data'!$J$2:$J$600, ">=" & A17, 'Cleaned Data'!$J$2:$J$600, "<" & (A17 + 7)), "-")
A18: Total | B18: =SUM(B5:B17) | C18: =SUM(C5:C17) | D18: =SUM(D5:D17) | E18: =C18/B18 | F18: =D18/C18 | G18: =SUM(G5:G17) | H18: =AVERAGE('Cleaned Data'!$N$2:$N$600)

Sheet Cleaned Data
A1: Lead_ID | B1: Lead_Date | C1: Company_Name | D1: Contact_Email | E1: Lead_Source | F1: Segment | G1: Trial_Activated | H1: Trial_Date | I1: Converted | J1: Conversion_Date | K1: MRR | L1: Lead_to_Trial_Days | M1: Trial_to_Conversion_Days | N1: Total_Deal_Velocity
A2: LD-1452 | B2: 46116 | C2: Zenith Solutions | D2: info@zenithsolutions.com | E2: Cold Outreach | F2: SMB | G2: Yes | H2: 46118 | I2: Yes | J2: 46127 | K2: 283 | L2: =IF(G2="Yes", H2-B2, "") | M2: =IF(I2="Yes", J2-H2, "") | N2: =IF(I2="Yes", J2-B2, "")
A3: LD-1131 | B3: 46154 | C3: Alpha Co | D3: info@alphaco.com | E3: Google | F3: Mid-Market | G3: Yes | H3: 46162 | I3: No | L3: =IF(G3="Yes", H3-B3, "") | M3: =IF(I3="Yes", J3-H3, "") | N3: =IF(I3="Yes", J3-B3, "")
A4: LD-1478 | B4: 46159 | C4: Stellar Global | D4: info@stellarglobal.com | E4: Google | F4: Mid-Market | G4: Yes | H4: 46163 | I4: No | L4: =IF(G4="Yes", H4-B4, "") | M4: =IF(I4="Yes", J4-H4, "") | N4: =IF(I4="Yes", J4-B4, "")
A5: LD-1177 | B5: 46099 | C5: Omega Co | D5: info@omegaco.com | E5: Cold Outreach | F5: SMB | G5: Yes | H5: 46104 | I5: No | L5: =IF(G5="Yes", H5-B5, "") | M5: =IF(I5="Yes", J5-H5, "") | N5: =IF(I5="Yes", J5-B5, "")
A6: LD-1504 | B6: 46140 | C6: Core Group | D6: info@coregroup.com | E6: Google | F6: Enterprise | G6: Yes | H6: 46146 | I6: Yes | J6: 46163 | K6: 5000 | L6: =IF(G6="Yes", H6-B6, "") | M6: =IF(I6="Yes", J6-H6, "") | N6: =IF(I6="Yes", J6-B6, "")
A7: LD-1270 | B7: 46100 | C7: Shift Inc | D7: info@shiftinc.com | E7: LinkedIn | F7: Enterprise | G7: Yes | H7: 46103 | I7: No | L7: =IF(G7="Yes", H7-B7, "") | M7: =IF(I7="Yes", J7-H7, "") | N7: =IF(I7="Yes", J7-B7, "")
A8: LD-1540 | B8: 46120 | C8: Flux Corp | D8: info@fluxcorp.com | E8: Cold Outreach | F8: Mid-Market | G8: No | I8: No | L8: =IF(G8="Yes", H8-B8, "") | M8: =IF(I8="Yes", J8-H8, "") | N8: =IF(I8="Yes", J8-B8, "")
A9: LD-1314 | B9: 46085 | C9: Summit LLC | D9: info@summitllc.com | E9: LinkedIn | F9: SMB | G9: Yes | H9: 46094 | I9: No | L9: =IF(G9="Yes", H9-B9, "") | M9: =IF(I9="Yes", J9-H9, "") | N9: =IF(I9="Yes", J9-B9, "")
A10: LD-1150 | B10: 46092 | C10: Flux Corp | D10: info@fluxcorp.com | E10: Organic / Direct | F10: Enterprise | G10: Yes | H10: 46099 | I10: No | L10: =IF(G10="Yes", H10-B10, "") | M10: =IF(I10="Yes", J10-H10, "") | N10: =IF(I10="Yes", J10-B10, "")
A11: LD-1273 | B11: 46085 | C11: Stellar Solutions | D11: info@stellarsolutions.com | E11: Organic / Direct | F11: Mid-Market | G11: Yes | H11: 46086 | I11: No | L11: =IF(G11="Yes", H11-B11, "") | M11: =IF(I11="Yes", J11-H11, "") | N11: =IF(I11="Yes", J11-B11, "")
A12: LD-1126 | B12: 46146 | C12: Flux Corp | D12: info@fluxcorp.com | E12: Referral | F12: SMB | G12: Yes | H12: 46148 | I12: No | L12: =IF(G12="Yes", H12-B12, "") | M12: =IF(I12="Yes", J12-H12, "") | N12: =IF(I12="Yes", J12-B12, "")
A13: LD-1040 | B13: 46082 | C13: Pulse Solutions | D13: info@pulsesolutions.com | E13: Webinar | F13: Mid-Market | G13: Yes | H13: 46084 | I13: No | L13: =IF(G13="Yes", H13-B13, "") | M13: =IF(I13="Yes", J13-H13, "") | N13: =IF(I13="Yes", J13-B13, "")
A14: LD-1404 | B14: 46163 | C14: Beacon Global | D14: info@beaconglobal.com | E14: Referral | F14: Mid-Market | G14: Yes | H14: 46165 | I14: No | L14: =IF(G14="Yes", H14-B14, "") | M14: =IF(I14="Yes", J14-H14, "") | N14: =IF(I14="Yes", J14-B14, "")
A15: LD-1264 | B15: 46145 | C15: Stellar Co (Duplicate Entry) | D15: info@stellarco.com | E15: Referral | F15: Mid-Market | G15: No | I15: No | L15: =IF(G15="Yes", H15-B15, "") | M15: =IF(I15="Yes", J15-H15, "") | N15: =IF(I15="Yes", J15-B15, "")
A16: LD-1434 | B16: 46105 | C16: Synergy Technologies | D16: info@synergytechnologies.com | E16: LinkedIn | F16: SMB | G16: Yes | H16: 46109 | I16: No | L16: =IF(G16="Yes", H16-B16, "") | M16: =IF(I16="Yes", J16-H16, "") | N16: =IF(I16="Yes", J16-B16, "")
A17: LD-1519 | B17: 46164 | C17: Sovereign Partners | D17: info@sovereignpartners.com | E17: LinkedIn | F17: Mid-Market | G17: No | I17: No | L17: =IF(G17="Yes", H17-B17, "") | M17: =IF(I17="Yes", J17-H17, "") | N17: =IF(I17="Yes", J17-B17, "")
A18: LD-1258 | B18: 46086 | C18: Flux Corp | D18: info@fluxcorp.com | E18: Organic / Direct | F18: SMB | G18: Yes | H18: 46096 | I18: No | L18: =IF(G18="Yes", H18-B18, "") | M18: =IF(I18="Yes", J18-H18, "") | N18: =IF(I18="Yes", J18-B18, "")
A19: LD-1449 | B19: 46144 | C19: Acme LLC | D19: info@acmellc.com | E19: Organic / Direct | F19: SMB | G19: Yes | H19: 46148 | I19: No | L19: =IF(G19="Yes", H19-B19, "") | M19: =IF(I19="Yes", J19-H19, "") | N19: =IF(I19="Yes", J19-B19, "")
A20: LD-1205 | B20: 46084 | C20: Acme Solutions | D20: info@acmesolutions.com | E20: LinkedIn | F20: Enterprise | G20: Yes | H20: 46085 | I20: No | L20: =IF(G20="Yes", H20-B20, "") | M20: =IF(I20="Yes", J20-H20, "") | N20: =IF(I20="Yes", J20-B20, "")
A21: LD-1147 | B21: 46084 | C21: Sovereign Global | D21: info@sovereignglobal.com | E21: Referral | F21: SMB | G21: No | I21: No | L21: =IF(G21="Yes", H21-B21, "") | M21: =IF(I21="Yes", J21-H21, "") | N21: =IF(I21="Yes", J21-B21, "")
A22: LD-1049 | B22: 46117 | C22: Cloud Partners | D22: info@cloudpartners.com | E22: Google | F22: Enterprise | G22: Yes | H22: 46122 | I22: No | L22: =IF(G22="Yes", H22-B22, "") | M22: =IF(I22="Yes", J22-H22, "") | N22: =IF(I22="Yes", J22-B22, "")
A23: LD-1268 | B23: 46138 | C23: Core Corp (Duplicate Entry) | D23: info@corecorp.com | E23: Google | F23: Mid-Market | G23: Yes | H23: 46145 | I23: Yes | J23: 46153 | K23: 605 | L23: =IF(G23="Yes", H23-B23, "") | M23: =IF(I23="Yes", J23-H23, "") | N23: =IF(I23="Yes", J23-B23, "")
A24: LD-1080 | B24: 46145 | C24: Omega Global | D24: info@omegaglobal.com | E24: LinkedIn | F24: Mid-Market | G24: Yes | H24: 46152 | I24: No | L24: =IF(G24="Yes", H24-B24, "") | M24: =IF(I24="Yes", J24-H24, "") | N24: =IF(I24="Yes", J24-B24, "")
A25: LD-1364 | B25: 46153 | C25: Nova Technologies | D25: info@novatechnologies.com | E25: Webinar | F25: Enterprise | G25: Yes | H25: 46159 | I25: No | L25: =IF(G25="Yes", H25-B25, "") | M25: =IF(I25="Yes", J25-H25, "") | N25: =IF(I25="Yes", J25-B25, "")
A26: LD-1418 | B26: 46121 | C26: Omega Group | D26: info@omegagroup.com | E26: Organic / Direct | F26: SMB | G26: Yes | H26: 46124 | I26: Yes | J26: 46141 | K26: 186 | L26: =IF(G26="Yes", H26-B26, "") | M26: =IF(I26="Yes", J26-H26, "") | N26: =IF(I26="Yes", J26-B26, "")
A27: LD-1007 | B27: 46164 | C27: Summit Global | D27: info@summitglobal.com | E27: Referral | F27: Mid-Market | G27: No | I27: No | L27: =IF(G27="Yes", H27-B27, "") | M27: =IF(I27="Yes", J27-H27, "") | N27: =IF(I27="Yes", J27-B27, "")
A28: LD-1298 | B28: 46132 | C28: Omega LLC | D28: info@omegallc.com | E28: Google | F28: Mid-Market | G28: Yes | H28: 46135 | I28: Yes | J28: 46147 | K28: 1162 | L28: =IF(G28="Yes", H28-B28, "") | M28: =IF(I28="Yes", J28-H28, "") | N28: =IF(I28="Yes", J28-B28, "")
A29: LD-1467 | B29: 46159 | C29: Acme Solutions | D29: info@acmesolutions.com | E29: Google | F29: Mid-Market | G29: No | I29: No | L29: =IF(G29="Yes", H29-B29, "") | M29: =IF(I29="Yes", J29-H29, "") | N29: =IF(I29="Yes", J29-B29, "")
A30: LD-1135 | B30: 46125 | C30: Summit Inc | D30: info@summitinc.com | E30: Referral | F30: Enterprise | G30: Yes | H30: 46128 | I30: No | L30: =IF(G30="Yes", H30-B30, "") | M30: =IF(I30="Yes", J30-H30, "") | N30: =IF(I30="Yes", J30-B30, "")
A31: LD-1220 | B31: 46165 | C31: Zenith Partners | D31: info@zenithpartners.com | E31: LinkedIn | F31: SMB | G31: Yes | H31: 46174 | I31: No | L31: =IF(G31="Yes", H31-B31, "") | M31: =IF(I31="Yes", J31-H31, "") | N31: =IF(I31="Yes", J31-B31, "")
A32: LD-1511 | B32: 46093 | C32: Core Co | D32: info@coreco.com | E32: Organic / Direct | F32: Mid-Market | G32: No | I32: No | L32: =IF(G32="Yes", H32-B32, "") | M32: =IF(I32="Yes", J32-H32, "") | N32: =IF(I32="Yes", J32-B32, "")
A33: LD-1127 | B33: 46155 | C33: Omega LLC | D33: info@omegallc.com | E33: LinkedIn | F33: SMB | G33: No | I33: No | L33: =IF(G33="Yes", H33-B33, "") | M33: =IF(I33="Yes", J33-H33, "") | N33: =IF(I33="Yes", J33-B33, "")
A34: LD-1066 | B34: 46139 | C34: Nova Technologies | D34: info@novatechnologies.com | E34: LinkedIn | F34: Enterprise | G34: Yes | H34: 46147 | I34: No | L34: =IF(G34="Yes", H34-B34, "") | M34: =IF(I34="Yes", J34-H34, "") | N34: =IF(I34="Yes", J34-B34, "")
A35: LD-1145 | B35: 46093 | C35: Alpha Co | D35: info@alphaco.com | E35: Referral | F35: Enterprise | G35: Yes | H35: 46100 | I35: Yes | J35: 46115 | K35: 5746 | L35: =IF(G35="Yes", H35-B35, "") | M35: =IF(I35="Yes", J35-H35, "") | N35: =IF(I35="Yes", J35-B35, "")
A36: LD-1003 | B36: 46139 | C36: Acme Group | D36: info@acmegroup.com | E36: Google | F36: SMB | G36: No | I36: No | L36: =IF(G36="Yes", H36-B36, "") | M36: =IF(I36="Yes", J36-H36, "") | N36: =IF(I36="Yes", J36-B36, "")
A37: LD-1034 | B37: 46100 | C37: Apex Technologies | D37: info@apextechnologies.com | E37: Google | F37: Mid-Market | G37: Yes | H37: 46104 | I37: No | L37: =IF(G37="Yes", H37-B37, "") | M37: =IF(I37="Yes", J37-H37, "") | N37: =IF(I37="Yes", J37-B37, "")
A38: LD-1319 | B38: 46151 | C38: Shift Solutions | D38: info@shiftsolutions.com | E38: Cold Outreach | F38: Mid-Market | G38: No | I38: No | L38: =IF(G38="Yes", H38-B38, "") | M38: =IF(I38="Yes", J38-H38, "") | N38: =IF(I38="Yes", J38-B38, "")
A39: LD-1223 | B39: 46117 | C39: Stellar Inc | D39: info@stellarinc.com | E39: Referral | F39: SMB | G39: Yes | H39: 46119 | I39: No | L39: =IF(G39="Yes", H39-B39, "") | M39: =IF(I39="Yes", J39-H39, "") | N39: =IF(I39="Yes", J39-B39, "")
A40: LD-1115 | B40: 46096 | C40: Quantum LLC | D40: info@quantumllc.com | E40: LinkedIn | F40: Mid-Market | G40: Yes | H40: 46098 | I40: No | L40: =IF(G40="Yes", H40-B40, "") | M40: =IF(I40="Yes", J40-H40, "") | N40: =IF(I40="Yes", J40-B40, "")
A41: LD-1438 | B41: 46102 | C41: Beacon Partners | D41: info@beaconpartners.com | E41: Organic / Direct | F41: Mid-Market | G41: Yes | H41: 46108 | I41: No | L41: =IF(G41="Yes", H41-B41, "") | M41: =IF(I41="Yes", J41-H41, "") | N41: =IF(I41="Yes", J41-B41, "")
A42: LD-1285 | B42: 46148 | C42: Alpha Technologies | D42: info@alphatechnologies.com | E42: Google | F42: Enterprise | G42: Yes | H42: 46154 | I42: No | L42: =IF(G42="Yes", H42-B42, "") | M42: =IF(I42="Yes", J42-H42, "") | N42: =IF(I42="Yes", J42-B42, "")
A43: LD-1288 | B43: 46082 | C43: Omega Technologies | D43: info@omegatechnologies.com | E43: LinkedIn | F43: Mid-Market | G43: Yes | H43: 46083 | I43: No | L43: =IF(G43="Yes", H43-B43, "") | M43: =IF(I43="Yes", J43-H43, "") | N43: =IF(I43="Yes", J43-B43, "")
A44: LD-1470 | B44: 46095 | C44: Shift Co | D44: info@shiftco.com | E44: Referral | F44: SMB | G44: Yes | H44: 46098 | I44: No | L44: =IF(G44="Yes", H44-B44, "") | M44: =IF(I44="Yes", J44-H44, "") | N44: =IF(I44="Yes", J44-B44, "")
A45: LD-1105 | B45: 46117 | C45: Flux Solutions | D45: info@fluxsolutions.com | E45: LinkedIn | F45: SMB | G45: No | I45: No | L45: =IF(G45="Yes", H45-B45, "") | M45: =IF(I45="Yes", J45-H45, "") | N45: =IF(I45="Yes", J45-B45, "")
A46: LD-1155 | B46: 46137 | C46: Omega Co | D46: info@omegaco.com | E46: Referral | F46: Mid-Market | G46: No | I46: No | L46: =IF(G46="Yes", H46-B46, "") | M46: =IF(I46="Yes", J46-H46, "") | N46: =IF(I46="Yes", J46-B46, "")
A47: LD-1522 | B47: 46131 | C47: Vortex Technologies | D47: info@vortextechnologies.com | E47: Google | F47: Mid-Market | G47: Yes | H47: 46139 | I47: No | L47: =IF(G47="Yes", H47-B47, "") | M47: =IF(I47="Yes", J47-H47, "") | N47: =IF(I47="Yes", J47-B47, "")
A48: LD-1279 | B48: 46166 | C48: Vortex Inc | D48: info@vortexinc.com | E48: Google | F48: Mid-Market | G48: No | I48: No | L48: =IF(G48="Yes", H48-B48, "") | M48: =IF(I48="Yes", J48-H48, "") | N48: =IF(I48="Yes", J48-B48, "")
A49: LD-1435 | B49: 46129 | C49: Omega Technologies | D49: info@omegatechnologies.com | E49: Cold Outreach | F49: Enterprise | G49: Yes | H49: 46131 | I49: No | L49: =IF(G49="Yes", H49-B49, "") | M49: =IF(I49="Yes", J49-H49, "") | N49: =IF(I49="Yes", J49-B49, "")
A50: LD-1479 | B50: 46132 | C50: Cloud Corp | D50: info@cloudcorp.com | E50: Referral | F50: SMB | G50: Yes | H50: 46134 | I50: No | L50: =IF(G50="Yes", H50-B50, "") | M50: =IF(I50="Yes", J50-H50, "") | N50: =IF(I50="Yes", J50-B50, "")
A51: LD-1237 | B51: 46145 | C51: Quantum Partners | D51: info@quantumpartners.com | E51: Referral | F51: Mid-Market | G51: No | I51: No | L51: =IF(G51="Yes", H51-B51, "") | M51: =IF(I51="Yes", J51-H51, "") | N51: =IF(I51="Yes", J51-B51, "")
A52: LD-1498 | B52: 46134 | C52: Quantum Solutions | D52: info@quantumsolutions.com | E52: Referral | F52: Enterprise | G52: Yes | H52: 46140 | I52: No | L52: =IF(G52="Yes", H52-B52, "") | M52: =IF(I52="Yes", J52-H52, "") | N52: =IF(I52="Yes", J52-B52, "")
A53: LD-1241 | B53: 46138 | C53: Nova LLC | D53: info@novallc.com | E53: LinkedIn | F53: SMB | G53: Yes | H53: 46141 | I53: No | L53: =IF(G53="Yes", H53-B53, "") | M53: =IF(I53="Yes", J53-H53, "") | N53: =IF(I53="Yes", J53-B53, "")
A54: LD-1230 | B54: 46146 | C54: Flux Inc | D54: info@fluxinc.com | E54: Google | F54: Mid-Market | G54: Yes | H54: 46156 | I54: No | L54: =IF(G54="Yes", H54-B54, "") | M54: =IF(I54="Yes", J54-H54, "") | N54: =IF(I54="Yes", J54-B54, "")
A55: LD-1261 | B55: 46134 | C55: Sovereign Group | D55: info@sovereigngroup.com | E55: LinkedIn | F55: Enterprise | G55: Yes | H55: 46137 | I55: Yes | J55: 46155 | K55: 3618 | L55: =IF(G55="Yes", H55-B55, "") | M55: =IF(I55="Yes", J55-H55, "") | N55: =IF(I55="Yes", J55-B55, "")
A56: LD-1266 | B56: 46165 | C56: Beacon Corp | D56: info@beaconcorp.com | E56: LinkedIn | F56: Enterprise | G56: No | I56: No | L56: =IF(G56="Yes", H56-B56, "") | M56: =IF(I56="Yes", J56-H56, "") | N56: =IF(I56="Yes", J56-B56, "")
A57: LD-1170 | B57: 46154 | C57: Acme Corp | D57: info@acmecorp.com | E57: Cold Outreach | F57: Mid-Market | G57: No | I57: No | L57: =IF(G57="Yes", H57-B57, "") | M57: =IF(I57="Yes", J57-H57, "") | N57: =IF(I57="Yes", J57-B57, "")
A58: LD-1534 | B58: 46118 | C58: Bold Group | D58: info@boldgroup.com | E58: Organic / Direct | F58: SMB | G58: Yes | H58: 46120 | I58: No | L58: =IF(G58="Yes", H58-B58, "") | M58: =IF(I58="Yes", J58-H58, "") | N58: =IF(I58="Yes", J58-B58, "")
A59: LD-1238 | B59: 46130 | C59: Core Partners | D59: info@corepartners.com | E59: Webinar | F59: Enterprise | G59: Yes | H59: 46136 | I59: No | L59: =IF(G59="Yes", H59-B59, "") | M59: =IF(I59="Yes", J59-H59, "") | N59: =IF(I59="Yes", J59-B59, "")
A60: LD-1272 | B60: 46126 | C60: Sovereign Solutions | D60: info@sovereignsolutions.com | E60: Cold Outreach | F60: Enterprise | G60: Yes | H60: 46136 | I60: No | L60: =IF(G60="Yes", H60-B60, "") | M60: =IF(I60="Yes", J60-H60, "") | N60: =IF(I60="Yes", J60-B60, "")
A61: LD-1263 | B61: 46123 | C61: Nova Partners | D61: info@novapartners.com | E61: Google | F61: Enterprise | G61: Yes | H61: 46130 | I61: No | L61: =IF(G61="Yes", H61-B61, "") | M61: =IF(I61="Yes", J61-H61, "") | N61: =IF(I61="Yes", J61-B61, "")
A62: LD-1358 | B62: 46089 | C62: Helix Partners | D62: info@helixpartners.com | E62: Google | F62: Enterprise | G62: Yes | H62: 46095 | I62: No | L62: =IF(G62="Yes", H62-B62, "") | M62: =IF(I62="Yes", J62-H62, "") | N62: =IF(I62="Yes", J62-B62, "")
A63: LD-1411 | B63: 46115 | C63: Core Partners | D63: info@corepartners.com | E63: Referral | F63: Mid-Market | G63: Yes | H63: 46116 | I63: Yes | J63: 46134 | K63: 1346 | L63: =IF(G63="Yes", H63-B63, "") | M63: =IF(I63="Yes", J63-H63, "") | N63: =IF(I63="Yes", J63-B63, "")
A64: LD-1466 | B64: 46095 | C64: Vortex Inc | D64: info@vortexinc.com | E64: Webinar | F64: Mid-Market | G64: Yes | H64: 46105 | I64: Yes | J64: 46121 | K64: 726 | L64: =IF(G64="Yes", H64-B64, "") | M64: =IF(I64="Yes", J64-H64, "") | N64: =IF(I64="Yes", J64-B64, "")
A65: LD-1316 | B65: 46101 | C65: Acme LLC | D65: info@acmellc.com | E65: Webinar | F65: Enterprise | G65: Yes | H65: 46103 | I65: Yes | J65: 46113 | K65: 5390 | L65: =IF(G65="Yes", H65-B65, "") | M65: =IF(I65="Yes", J65-H65, "") | N65: =IF(I65="Yes", J65-B65, "")
A66: LD-1017 | B66: 46121 | C66: Flux Partners | D66: info@fluxpartners.com | E66: LinkedIn | F66: SMB | G66: Yes | H66: 46122 | I66: No | L66: =IF(G66="Yes", H66-B66, "") | M66: =IF(I66="Yes", J66-H66, "") | N66: =IF(I66="Yes", J66-B66, "")
A67: LD-1512 | B67: 46090 | C67: Sovereign Corp | D67: info@sovereigncorp.com | E67: Cold Outreach | F67: Mid-Market | G67: Yes | H67: 46094 | I67: No | L67: =IF(G67="Yes", H67-B67, "") | M67: =IF(I67="Yes", J67-H67, "") | N67: =IF(I67="Yes", J67-B67, "")
A68: LD-1475 | B68: 46115 | C68: Shift Solutions | D68: info@shiftsolutions.com | E68: Google | F68: Enterprise | G68: Yes | H68: 46119 | I68: No | L68: =IF(G68="Yes", H68-B68, "") | M68: =IF(I68="Yes", J68-H68, "") | N68: =IF(I68="Yes", J68-B68, "")
A69: LD-1518 | B69: 46125 | C69: Shift Inc | D69: info@shiftinc.com | E69: LinkedIn | F69: Enterprise | G69: Yes | H69: 46133 | I69: No | L69: =IF(G69="Yes", H69-B69, "") | M69: =IF(I69="Yes", J69-H69, "") | N69: =IF(I69="Yes", J69-B69, "")
A70: LD-1517 | B70: 46114 | C70: Stellar Technologies | D70: info@stellartechnologies.com | E70: Google | F70: SMB | G70: No | I70: No | L70: =IF(G70="Yes", H70-B70, "") | M70: =IF(I70="Yes", J70-H70, "") | N70: =IF(I70="Yes", J70-B70, "")
A71: LD-1214 | B71: 46164 | C71: Alpha Co | D71: info@alphaco.com | E71: LinkedIn | F71: SMB | G71: Yes | H71: 46174 | I71: No | L71: =IF(G71="Yes", H71-B71, "") | M71: =IF(I71="Yes", J71-H71, "") | N71: =IF(I71="Yes", J71-B71, "")
A72: LD-1064 | B72: 46105 | C72: Flux Technologies | D72: info@fluxtechnologies.com | E72: Organic / Direct | F72: Mid-Market | G72: Yes | H72: 46114 | I72: No | L72: =IF(G72="Yes", H72-B72, "") | M72: =IF(I72="Yes", J72-H72, "") | N72: =IF(I72="Yes", J72-B72, "")
A73: LD-1058 | B73: 46102 | C73: Acme Technologies | D73: info@acmetechnologies.com | E73: Referral | F73: Mid-Market | G73: No | I73: No | L73: =IF(G73="Yes", H73-B73, "") | M73: =IF(I73="Yes", J73-H73, "") | N73: =IF(I73="Yes", J73-B73, "")
A75: LD-1317 | B75: 46092 | C75: Vortex Technologies | D75: info@vortextechnologies.com | E75: Webinar | F75: Mid-Market | G75: Yes | H75: 46101 | I75: No | L75: =IF(G75="Yes", H75-B75, "") | M75: =IF(I75="Yes", J75-H75, "") | N75: =IF(I75="Yes", J75-B75, "")
A76: LD-1379 | B76: 46091 | C76: Summit Global | D76: info@summitglobal.com | E76: LinkedIn | F76: Enterprise | G76: Yes | H76: 46094 | I76: No | L76: =IF(G76="Yes", H76-B76, "") | M76: =IF(I76="Yes", J76-H76, "") | N76: =IF(I76="Yes", J76-B76, "")
A77: LD-1068 | B77: 46150 | C77: Quantum Partners | D77: info@quantumpartners.com | E77: Organic / Direct | F77: Enterprise | G77: Yes | H77: 46152 | I77: Yes | J77: 46162 | K77: 7375 | L77: =IF(G77="Yes", H77-B77, "") | M77: =IF(I77="Yes", J77-H77, "") | N77: =IF(I77="Yes", J77-B77, "")
A78: LD-1469 | B78: 46091 | C78: Vortex Solutions | D78: info@vortexsolutions.com | E78: Cold Outreach | F78: Enterprise | G78: Yes | H78: 46094 | I78: No | L78: =IF(G78="Yes", H78-B78, "") | M78: =IF(I78="Yes", J78-H78, "") | N78: =IF(I78="Yes", J78-B78, "")
A79: LD-1005 | B79: 46150 | C79: Omega Corp | D79: info@omegacorp.com | E79: Cold Outreach | F79: Mid-Market | G79: Yes | H79: 46152 | I79: Yes | J79: 46164 | K79: 1291 | L79: =IF(G79="Yes", H79-B79, "") | M79: =IF(I79="Yes", J79-H79, "") | N79: =IF(I79="Yes", J79-B79, "")
A80: LD-1182 | B80: 46129 | C80: Vortex LLC | D80: info@vortexllc.com | E80: Organic / Direct | F80: Enterprise | G80: Yes | H80: 46139 | I80: No | L80: =IF(G80="Yes", H80-B80, "") | M80: =IF(I80="Yes", J80-H80, "") | N80: =IF(I80="Yes", J80-B80, "")
A81: LD-1340 | B81: 46124 | C81: Shift Technologies | D81: info@shifttechnologies.com | E81: Google | F81: Enterprise | G81: Yes | H81: 46134 | I81: Yes | J81: 46145 | K81: 7099 | L81: =IF(G81="Yes", H81-B81, "") | M81: =IF(I81="Yes", J81-H81, "") | N81: =IF(I81="Yes", J81-B81, "")
A82: LD-1111 | B82: 46128 | C82: Vortex Partners | D82: info@vortexpartners.com | E82: Google | F82: Enterprise | G82: No | I82: No | L82: =IF(G82="Yes", H82-B82, "") | M82: =IF(I82="Yes", J82-H82, "") | N82: =IF(I82="Yes", J82-B82, "")
A83: LD-1006 | B83: 46119 | C83: Vortex LLC | D83: info@vortexllc.com | E83: LinkedIn | F83: SMB | G83: Yes | H83: 46123 | I83: No | L83: =IF(G83="Yes", H83-B83, "") | M83: =IF(I83="Yes", J83-H83, "") | N83: =IF(I83="Yes", J83-B83, "")
A84: LD-1194 | B84: 46105 | C84: Apex Inc | D84: info@apexinc.com | E84: LinkedIn | F84: Mid-Market | G84: Yes | H84: 46114 | I84: No | L84: =IF(G84="Yes", H84-B84, "") | M84: =IF(I84="Yes", J84-H84, "") | N84: =IF(I84="Yes", J84-B84, "")
A85: LD-1403 | B85: 46128 | C85: Alpha Inc | D85: info@alphainc.com | E85: Google | F85: Enterprise | G85: No | I85: No | L85: =IF(G85="Yes", H85-B85, "") | M85: =IF(I85="Yes", J85-H85, "") | N85: =IF(I85="Yes", J85-B85, "")
A86: LD-1162 | B86: 46109 | C86: Zenith Solutions | D86: info@zenithsolutions.com | E86: Referral | F86: SMB | G86: No | I86: No | L86: =IF(G86="Yes", H86-B86, "") | M86: =IF(I86="Yes", J86-H86, "") | N86: =IF(I86="Yes", J86-B86, "")
A87: LD-1402 | B87: 46100 | C87: Zenith Co | D87: info@zenithco.com | E87: LinkedIn | F87: SMB | G87: Yes | H87: 46104 | I87: Yes | J87: 46115 | K87: 232 | L87: =IF(G87="Yes", H87-B87, "") | M87: =IF(I87="Yes", J87-H87, "") | N87: =IF(I87="Yes", J87-B87, "")
A88: LD-1140 | B88: 46091 | C88: Vortex Global | D88: info@vortexglobal.com | E88: Cold Outreach | F88: SMB | G88: No | I88: No | L88: =IF(G88="Yes", H88-B88, "") | M88: =IF(I88="Yes", J88-H88, "") | N88: =IF(I88="Yes", J88-B88, "")
A89: LD-1399 | B89: 46084 | C89: Acme LLC | D89: info@acmellc.com | E89: Google | F89: Enterprise | G89: Yes | H89: 46093 | I89: No | L89: =IF(G89="Yes", H89-B89, "") | M89: =IF(I89="Yes", J89-H89, "") | N89: =IF(I89="Yes", J89-B89, "")
A90: LD-1075 | B90: 46091 | C90: Beacon Solutions | D90: info@beaconsolutions.com | E90: Webinar | F90: SMB | G90: No | I90: No | L90: =IF(G90="Yes", H90-B90, "") | M90: =IF(I90="Yes", J90-H90, "") | N90: =IF(I90="Yes", J90-B90, "")
A91: LD-1217 | B91: 46112 | C91: Stellar LLC | D91: info@stellarllc.com | E91: LinkedIn | F91: Mid-Market | G91: Yes | H91: 46120 | I91: No | L91: =IF(G91="Yes", H91-B91, "") | M91: =IF(I91="Yes", J91-H91, "") | N91: =IF(I91="Yes", J91-B91, "")
A92: LD-1260 | B92: 46119 | C92: Beacon Global | D92: info@beaconglobal.com | E92: Google | F92: SMB | G92: No | I92: No | L92: =IF(G92="Yes", H92-B92, "") | M92: =IF(I92="Yes", J92-H92, "") | N92: =IF(I92="Yes", J92-B92, "")
A93: LD-1210 | B93: 46158 | C93: Apex Solutions | D93: info@apexsolutions.com | E93: LinkedIn | F93: Enterprise | G93: Yes | H93: 46159 | I93: Yes | J93: 46173 | K93: 4918 | L93: =IF(G93="Yes", H93-B93, "") | M93: =IF(I93="Yes", J93-H93, "") | N93: =IF(I93="Yes", J93-B93, "")
A94: LD-1447 | B94: 46154 | C94: Pulse Technologies | D94: info@pulsetechnologies.com | E94: LinkedIn | F94: SMB | G94: Yes | H94: 46160 | I94: No | L94: =IF(G94="Yes", H94-B94, "") | M94: =IF(I94="Yes", J94-H94, "") | N94: =IF(I94="Yes", J94-B94, "")
A95: LD-1426 | B95: 46154 | C95: Synergy Co | D95: info@synergyco.com | E95: Referral | F95: Enterprise | G95: No | I95: No | L95: =IF(G95="Yes", H95-B95, "") | M95: =IF(I95="Yes", J95-H95, "") | N95: =IF(I95="Yes", J95-B95, "")
A96: LD-1186 | B96: 46143 | C96: Core Group | D96: info@coregroup.com | E96: Cold Outreach | F96: Mid-Market | G96: No | I96: No | L96: =IF(G96="Yes", H96-B96, "") | M96: =IF(I96="Yes", J96-H96, "") | N96: =IF(I96="Yes", J96-B96, "")
A97: LD-1218 | B97: 46142 | C97: Core Solutions | D97: info@coresolutions.com | E97: Cold Outreach | F97: SMB | G97: No | I97: No | L97: =IF(G97="Yes", H97-B97, "") | M97: =IF(I97="Yes", J97-H97, "") | N97: =IF(I97="Yes", J97-B97, "")
A98: LD-1385 | B98: 46096 | C98: Pulse Technologies | D98: info@pulsetechnologies.com | E98: Organic / Direct | F98: Mid-Market | G98: Yes | H98: 46105 | I98: No | L98: =IF(G98="Yes", H98-B98, "") | M98: =IF(I98="Yes", J98-H98, "") | N98: =IF(I98="Yes", J98-B98, "")
A99: LD-1124 | B99: 46121 | C99: Omega Inc | D99: info@omegainc.com | E99: LinkedIn | F99: SMB | G99: No | I99: No | L99: =IF(G99="Yes", H99-B99, "") | M99: =IF(I99="Yes", J99-H99, "") | N99: =IF(I99="Yes", J99-B99, "")
A100: LD-1352 | B100: 46119 | C100: Pulse Partners | D100: info@pulsepartners.com | E100: Referral | F100: Mid-Market | G100: Yes | H100: 46120 | I100: No | L100: =IF(G100="Yes", H100-B100, "") | M100: =IF(I100="Yes", J100-H100, "") | N100: =IF(I100="Yes", J100-B100, "")
A101: LD-1076 | B101: 46100 | C101: Summit Technologies | D101: info@summittechnologies.com | E101: LinkedIn | F101: Mid-Market | G101: Yes | H101: 46105 | I101: No | L101: =IF(G101="Yes", H101-B101, "") | M101: =IF(I101="Yes", J101-H101, "") | N101: =IF(I101="Yes", J101-B101, "")
...
